{
  "properties": {
    "connectionReferences": {
      "shared_flowpush": {
        "runtimeSource": "invoker",
        "connection": {
          "connectionReferenceLogicalName": "new_sharedflowpush_59c12"
        },
        "api": {
          "name": "shared_flowpush"
        }
      }
    },
    "definition": {
      "$schema": "https://schema.management.azure.com/providers/Microsoft.Logic/schemas/2016-06-01/workflowdefinition.json#",
      "contentVersion": "1.0.0.0",
      "parameters": {
        "$connections": {
          "defaultValue": {},
          "type": "Object"
        },
        "$authentication": {
          "defaultValue": {},
          "type": "SecureObject"
        }
      },
      "triggers": {
        "manual": {
          "metadata": {
            "operationMetadataId": "fd41e3ed-183b-4733-ab1f-38cd52dc05d2"
          },
          "type": "Request",
          "kind": "PowerAppV2",
          "inputs": {
            "schema": {
              "type": "object",
              "properties": {
                "number": {
                  "title": "NumberOfCars",
                  "type": "number",
                  "x-ms-dynamically-added": true,
                  "description": "Entrez un nombre",
                  "x-ms-content-hint": "NUMBER"
                },
                "text": {
                  "title": "TransportName",
                  "type": "string",
                  "x-ms-dynamically-added": true,
                  "description": "Tapez votre entrée",
                  "x-ms-content-hint": "TEXT"
                }
              },
              "required": [
                "number",
                "text"
              ]
            }
          }
        }
      },
      "actions": {
        "Condition_-_Number_of_car_sup_5": {
          "actions": {
            "Set_-_varOutput_Message_-_Manager_approbation": {
              "runAfter": {
                "Set_-_varOutput_Status_-_Manager_Info": [
                  "Succeeded"
                ]
              },
              "metadata": {
                "operationMetadataId": "4bea6198-fba5-44d2-9465-1304d692a61b"
              },
              "type": "SetVariable",
              "inputs": {
                "name": "varOutput_Message",
                "value": "Une approbation a été demandé à votre manager"
              }
            },
            "Approbation_Simulator": {
              "runAfter": {},
              "metadata": {
                "operationMetadataId": "2f9fe1af-13e8-42eb-977c-b345d67a2cea"
              },
              "type": "OpenApiConnection",
              "inputs": {
                "host": {
                  "connectionName": "shared_flowpush",
                  "operationId": "SendNotification",
                  "apiId": "/providers/Microsoft.PowerApps/apis/shared_flowpush"
                },
                "parameters": {
                  "NotificationDefinition/notificationText": "Approbation Simulator"
                },
                "authentication": "@parameters('$authentication')"
              }
            },
            "Set_-_varOutput_Status_-_Manager_Info": {
              "runAfter": {
                "Approbation_Simulator": [
                  "Succeeded"
                ]
              },
              "metadata": {
                "operationMetadataId": "52dea945-76ca-4ebd-9cea-48aa237a441a"
              },
              "type": "SetVariable",
              "inputs": {
                "name": "varOutput_Status",
                "value": "ask"
              }
            }
          },
          "runAfter": {
            "Init_-_varOutput_Message": [
              "Succeeded"
            ]
          },
          "else": {
            "actions": {
              "Send_Transport_HTTP_request": {
                "runAfter": {},
                "metadata": {
                  "operationMetadataId": "3734516b-15a9-41d7-ac93-bfb738c5b371"
                },
                "type": "Http",
                "inputs": {
                  "method": "GET",
                  "uri": "https://swapi.dev/api/people/1"
                }
              },
              "Parsing_Transporter_request": {
                "runAfter": {
                  "Send_Transport_HTTP_request": [
                    "Succeeded"
                  ]
                },
                "metadata": {
                  "operationMetadataId": "4e043623-3eb3-405f-9558-bf0bf33e3322"
                },
                "type": "ParseJson",
                "inputs": {
                  "content": "@body('Send_Transport_HTTP_request')",
                  "schema": {
                    "type": "object",
                    "properties": {
                      "name": {
                        "type": "string"
                      },
                      "height": {
                        "type": "string"
                      },
                      "mass": {
                        "type": "string"
                      },
                      "hair_color": {
                        "type": "string"
                      },
                      "skin_color": {
                        "type": "string"
                      },
                      "eye_color": {
                        "type": "string"
                      },
                      "birth_year": {
                        "type": "string"
                      },
                      "gender": {
                        "type": "string"
                      },
                      "homeworld": {
                        "type": "string"
                      },
                      "films": {
                        "type": "array",
                        "items": {
                          "type": "string"
                        }
                      },
                      "species": {
                        "type": "array"
                      },
                      "vehicles": {
                        "type": "array",
                        "items": {
                          "type": "string"
                        }
                      },
                      "starships": {
                        "type": "array",
                        "items": {
                          "type": "string"
                        }
                      },
                      "created": {
                        "type": "string"
                      },
                      "edited": {
                        "type": "string"
                      },
                      "url": {
                        "type": "string"
                      }
                    }
                  }
                }
              },
              "Set_-_varOutput_Status_-_Transport_Info": {
                "runAfter": {
                  "Parsing_Transporter_request": [
                    "Succeeded"
                  ]
                },
                "metadata": {
                  "operationMetadataId": "d28db167-5c6a-4f87-bc27-f500ed1d0a57"
                },
                "type": "SetVariable",
                "inputs": {
                  "name": "varOutput_Status",
                  "value": "resp"
                }
              },
              "Set_-_varOutput_Message_-_Transport_Response": {
                "runAfter": {
                  "Set_-_varOutput_Status_-_Transport_Info": [
                    "Succeeded"
                  ]
                },
                "metadata": {
                  "operationMetadataId": "15cfa1ac-51ab-40b5-8e8c-bf4ef0e22174"
                },
                "type": "SetVariable",
                "inputs": {
                  "name": "varOutput_Message",
                  "value": "@{body('Parsing_Transporter_request')?['name']} approuve your request"
                }
              },
              "Set_-_varOutput_Status_-_Transport_Info_-_error": {
                "runAfter": {
                  "Send_Transport_HTTP_request": [
                    "Failed",
                    "Skipped",
                    "TimedOut"
                  ]
                },
                "metadata": {
                  "operationMetadataId": "83b12e71-9fe7-439b-89b3-fd32b901231d"
                },
                "type": "SetVariable",
                "inputs": {
                  "name": "varOutput_Status",
                  "value": "err"
                }
              },
              "Set_-_varOutput_Message_-_Transport_Response_-_message": {
                "runAfter": {
                  "Set_-_varOutput_Status_-_Transport_Info_-_error": [
                    "Succeeded"
                  ]
                },
                "metadata": {
                  "operationMetadataId": "15b523a2-44c7-4f7e-941e-23a909e6dc43"
                },
                "type": "SetVariable",
                "inputs": {
                  "name": "varOutput_Message",
                  "value": "Error during transport request"
                }
              }
            }
          },
          "expression": {
            "greater": [
              "@triggerBody()['number']",
              5
            ]
          },
          "metadata": {
            "operationMetadataId": "a6f1b13a-4da1-4b47-b690-00b6e5963bdb"
          },
          "type": "If"
        },
        "Répondre_à_une_instance_PowerApp_ou_à_un_flux_2": {
          "runAfter": {
            "Condition_-_Number_of_car_sup_5": [
              "Succeeded"
            ]
          },
          "metadata": {
            "operationMetadataId": "2cf330db-646a-4a2c-b7c5-e249622118e7"
          },
          "type": "Response",
          "kind": "PowerApp",
          "inputs": {
            "statusCode": 200,
            "body": {
              "status": "@variables('varOutput_Status')",
              "message": "@variables('varOutput_Message')"
            },
            "schema": {
              "type": "object",
              "properties": {
                "status": {
                  "title": "status",
                  "x-ms-dynamically-added": true,
                  "type": "string"
                },
                "message": {
                  "title": "message",
                  "x-ms-dynamically-added": true,
                  "type": "string"
                }
              }
            }
          }
        },
        "Init_-_varOutput_Status": {
          "runAfter": {},
          "metadata": {
            "operationMetadataId": "ba97d6f9-eb61-4a58-be14-b46717e84a5a"
          },
          "type": "InitializeVariable",
          "inputs": {
            "variables": [
              {
                "name": "varOutput_Status",
                "type": "string"
              }
            ]
          }
        },
        "Init_-_varOutput_Message": {
          "runAfter": {
            "Init_-_varOutput_Status": [
              "Succeeded"
            ]
          },
          "metadata": {
            "operationMetadataId": "d6dbb1d5-859f-49da-9876-9c21b3be4a40"
          },
          "type": "InitializeVariable",
          "inputs": {
            "variables": [
              {
                "name": "varOutput_Message",
                "type": "string"
              }
            ]
          }
        }
      },
      "outputs": {}
    }
  },
  "schemaVersion": "1.0.0.0"
}