{
  "properties": {
    "connectionReferences": {},
    "definition": {
      "$schema": "https://schema.management.azure.com/providers/Microsoft.Logic/schemas/2016-06-01/workflowdefinition.json#",
      "contentVersion": "1.0.0.0",
      "parameters": {
        "$authentication": {
          "defaultValue": {},
          "type": "SecureObject"
        }
      },
      "triggers": {
        "manual": {
          "metadata": {
            "operationMetadataId": "a841fd77-d24d-46fa-8b2d-84cdaa6c6ea2"
          },
          "type": "Request",
          "kind": "PowerAppV2",
          "inputs": {
            "schema": {
              "type": "object",
              "properties": {
                "text": {
                  "title": "Prénom",
                  "type": "string",
                  "x-ms-dynamically-added": true,
                  "description": "Tapez votre entrée",
                  "x-ms-content-hint": "TEXT"
                },
                "text_1": {
                  "title": "Nom",
                  "type": "string",
                  "x-ms-dynamically-added": true,
                  "description": "Tapez votre entrée",
                  "x-ms-content-hint": "TEXT"
                }
              },
              "required": [
                "text",
                "text_1"
              ]
            }
          }
        }
      },
      "actions": {
        "Message": {
          "runAfter": {},
          "metadata": {
            "operationMetadataId": "76a61753-93e8-4045-b9f2-2ccdd53f6431"
          },
          "type": "Compose",
          "inputs": "Bonjour @{triggerBody()['text']}, ton nom est @{triggerBody()['text_1']}"
        },
        "Répondre_à_une_instance_PowerApp_ou_à_un_flux": {
          "runAfter": {
            "Message": [
              "Succeeded"
            ]
          },
          "metadata": {
            "operationMetadataId": "a58674e4-fac3-40c3-9265-a6bdba264a77"
          },
          "type": "Response",
          "kind": "PowerApp",
          "inputs": {
            "statusCode": 200,
            "body": {
              "leretourduflow": "@{outputs('Message')}"
            },
            "schema": {
              "type": "object",
              "properties": {
                "leretourduflow": {
                  "title": "LeRetourDuFlow",
                  "x-ms-dynamically-added": true,
                  "type": "string"
                }
              }
            }
          }
        }
      },
      "outputs": {}
    }
  },
  "schemaVersion": "1.0.0.0"
}