<ImportExportXml version="9.2.21085.134" SolutionPackageVersion="9.2" languagecode="1033" generatedBy="CrmLive" xmlns:xsi="http://www.w3.org/2001/XMLSchema-instance">
  <SolutionManifest>
    <UniqueName>PL100PowerAppsCanvas</UniqueName>
    <LocalizedNames>
      <LocalizedName description="PL100 Power Apps Canvas" languagecode="1033" />
    </LocalizedNames>
    <Descriptions />
    <Version>1.0.0.2</Version>
    <Managed>0</Managed>
    <Publisher>
      <UniqueName>PL100PACEDITOR</UniqueName>
      <LocalizedNames>
        <LocalizedName description="PL-100 Power Apps Canvas" languagecode="1033" />
      </LocalizedNames>
      <Descriptions />
      <EMailAddress xsi:nil="true"></EMailAddress>
      <SupportingWebsiteUrl xsi:nil="true"></SupportingWebsiteUrl>
      <CustomizationPrefix>pl100pac</CustomizationPrefix>
      <CustomizationOptionValuePrefix>14761</CustomizationOptionValuePrefix>
      <Addresses>
        <Address>
          <AddressNumber>1</AddressNumber>
          <AddressTypeCode>1</AddressTypeCode>
          <City xsi:nil="true"></City>
          <County xsi:nil="true"></County>
          <Country xsi:nil="true"></Country>
          <Fax xsi:nil="true"></Fax>
          <FreightTermsCode xsi:nil="true"></FreightTermsCode>
          <ImportSequenceNumber xsi:nil="true"></ImportSequenceNumber>
          <Latitude xsi:nil="true"></Latitude>
          <Line1 xsi:nil="true"></Line1>
          <Line2 xsi:nil="true"></Line2>
          <Line3 xsi:nil="true"></Line3>
          <Longitude xsi:nil="true"></Longitude>
          <Name xsi:nil="true"></Name>
          <PostalCode xsi:nil="true"></PostalCode>
          <PostOfficeBox xsi:nil="true"></PostOfficeBox>
          <PrimaryContactName xsi:nil="true"></PrimaryContactName>
          <ShippingMethodCode>1</ShippingMethodCode>
          <StateOrProvince xsi:nil="true"></StateOrProvince>
          <Telephone1 xsi:nil="true"></Telephone1>
          <Telephone2 xsi:nil="true"></Telephone2>
          <Telephone3 xsi:nil="true"></Telephone3>
          <TimeZoneRuleVersionNumber xsi:nil="true"></TimeZoneRuleVersionNumber>
          <UPSZone xsi:nil="true"></UPSZone>
          <UTCOffset xsi:nil="true"></UTCOffset>
          <UTCConversionTimeZoneCode xsi:nil="true"></UTCConversionTimeZoneCode>
        </Address>
        <Address>
          <AddressNumber>2</AddressNumber>
          <AddressTypeCode>1</AddressTypeCode>
          <City xsi:nil="true"></City>
          <County xsi:nil="true"></County>
          <Country xsi:nil="true"></Country>
          <Fax xsi:nil="true"></Fax>
          <FreightTermsCode xsi:nil="true"></FreightTermsCode>
          <ImportSequenceNumber xsi:nil="true"></ImportSequenceNumber>
          <Latitude xsi:nil="true"></Latitude>
          <Line1 xsi:nil="true"></Line1>
          <Line2 xsi:nil="true"></Line2>
          <Line3 xsi:nil="true"></Line3>
          <Longitude xsi:nil="true"></Longitude>
          <Name xsi:nil="true"></Name>
          <PostalCode xsi:nil="true"></PostalCode>
          <PostOfficeBox xsi:nil="true"></PostOfficeBox>
          <PrimaryContactName xsi:nil="true"></PrimaryContactName>
          <ShippingMethodCode>1</ShippingMethodCode>
          <StateOrProvince xsi:nil="true"></StateOrProvince>
          <Telephone1 xsi:nil="true"></Telephone1>
          <Telephone2 xsi:nil="true"></Telephone2>
          <Telephone3 xsi:nil="true"></Telephone3>
          <TimeZoneRuleVersionNumber xsi:nil="true"></TimeZoneRuleVersionNumber>
          <UPSZone xsi:nil="true"></UPSZone>
          <UTCOffset xsi:nil="true"></UTCOffset>
          <UTCConversionTimeZoneCode xsi:nil="true"></UTCConversionTimeZoneCode>
        </Address>
      </Addresses>
    </Publisher>
    <RootComponents>
      <RootComponent type="1" schemaName="pl100pac_powerappsinpowerappstable" behavior="0" />
      <RootComponent type="29" id="{0e473faf-6e20-ec11-b6e6-000d3ade6cd9}" behavior="0" />
      <RootComponent type="62" schemaName="pl100pac_LivePowerAppsInPowerAppsMaster" behavior="0" />
      <RootComponent type="62" schemaName="pl100pac_PowerAppsInPowerAppsMaster" behavior="0" />
      <RootComponent type="80" schemaName="pl100pac_LivePowerAppsInPowerAppsMaster" behavior="0" />
      <RootComponent type="80" schemaName="pl100pac_PowerAppsInPowerAppsMaster" behavior="0" />
      <RootComponent type="300" schemaName="pl100pac_appsgalleriesnforms_d39b3" behavior="0" />
      <RootComponent type="300" schemaName="pl100pac_canvasndataverse_2966f" behavior="0" />
      <RootComponent type="300" schemaName="pl100pac_canvaswithcloudflow_5d074" behavior="0" />
      <RootComponent type="300" schemaName="pl100pac_powerappsinpowerappscanvas_7ba59" behavior="0" />
    </RootComponents>
    <MissingDependencies>
      <MissingDependency>
        <Required type="1" schemaName="pl100dvs_car" displayName="Car" solution="Active" />
        <Dependent type="300" schemaName="pl100pac_appsgalleriesnforms_d39b3" displayName="3 - Apps - Galleries n Forms" />
      </MissingDependency>
      <MissingDependency>
        <Required type="1" schemaName="pl100dvs_car" displayName="Car" solution="Active" />
        <Dependent type="300" schemaName="pl100pac_canvasndataverse_2966f" displayName="4 - Canvas n Dataverse" />
      </MissingDependency>
      <MissingDependency>
        <Required type="1" schemaName="pl100dvs_car" displayName="Car" solution="Active" />
        <Dependent type="300" schemaName="pl100pac_canvaswithcloudflow_5d074" displayName="1 - Canvas with Cloud Flow" />
      </MissingDependency>
      <MissingDependency>
        <Required type="61" schemaName="msdyn_/Images/AppModule_Default_Icon.png" displayName="msdyn_/Images/AppModule_Default_Icon.png" solution="AppModuleWebResources (2.5)" />
        <Dependent type="80" schemaName="pl100pac_LivePowerAppsInPowerAppsMaster" displayName="0 - Live PowerAppsInPowerApps Master" />
      </MissingDependency>
      <MissingDependency>
        <Required type="61" schemaName="msdyn_/Images/AppModule_Default_Icon.png" displayName="msdyn_/Images/AppModule_Default_Icon.png" solution="AppModuleWebResources (2.5)" />
        <Dependent type="80" schemaName="pl100pac_PowerAppsInPowerAppsMaster" displayName="2 - PowerAppsInPowerApps_Master" />
      </MissingDependency>
      <MissingDependency>
        <Required type="66" schemaName="MscrmControls.Canvas.CanvasControl" displayName="MscrmControls.Canvas.CanvasControl" solution="BaseCustomControlsCore (9.0.2108.5009)" />
        <Dependent type="60" displayName="PowerAppsInPowerApps" parentDisplayName="PowerAppsInPowerApps Table" id="{01511c20-ad71-4960-abae-545609e06c47}" />
      </MissingDependency>
      <MissingDependency>
        <Required type="connectionreference" displayName="new_sharedflowpush_59c12" solution="Active" id.connectionreferencelogicalname="new_sharedflowpush_59c12" />
        <Dependent type="29" displayName="PAB - Ask availability " id="{0e473faf-6e20-ec11-b6e6-000d3ade6cd9}" />
      </MissingDependency>
    </MissingDependencies>
  </SolutionManifest>
</ImportExportXml>