<ImportExportXml version="9.2.21085.134" SolutionPackageVersion="9.2" languagecode="1033" generatedBy="CrmLive" xmlns:xsi="http://www.w3.org/2001/XMLSchema-instance">
  <SolutionManifest>
    <UniqueName>PL100Dataverse</UniqueName>
    <LocalizedNames>
      <LocalizedName description="PL100 Dataverse" languagecode="1033" />
    </LocalizedNames>
    <Descriptions />
    <Version>1.0.0.2</Version>
    <Managed>1</Managed>
    <Publisher>
      <UniqueName>PL100DVSEDITOR</UniqueName>
      <LocalizedNames>
        <LocalizedName description="PL-100 Dataverse" languagecode="1033" />
      </LocalizedNames>
      <Descriptions />
      <EMailAddress xsi:nil="true"></EMailAddress>
      <SupportingWebsiteUrl xsi:nil="true"></SupportingWebsiteUrl>
      <CustomizationPrefix>pl100dvs</CustomizationPrefix>
      <CustomizationOptionValuePrefix>31336</CustomizationOptionValuePrefix>
      <Addresses>
        <Address>
          <AddressNumber>1</AddressNumber>
          <AddressTypeCode>1</AddressTypeCode>
          <City xsi:nil="true"></City>
          <County xsi:nil="true"></County>
          <Country xsi:nil="true"></Country>
          <Fax xsi:nil="true"></Fax>
          <FreightTermsCode xsi:nil="true"></FreightTermsCode>
          <ImportSequenceNumber xsi:nil="true"></ImportSequenceNumber>
          <Latitude xsi:nil="true"></Latitude>
          <Line1 xsi:nil="true"></Line1>
          <Line2 xsi:nil="true"></Line2>
          <Line3 xsi:nil="true"></Line3>
          <Longitude xsi:nil="true"></Longitude>
          <Name xsi:nil="true"></Name>
          <PostalCode xsi:nil="true"></PostalCode>
          <PostOfficeBox xsi:nil="true"></PostOfficeBox>
          <PrimaryContactName xsi:nil="true"></PrimaryContactName>
          <ShippingMethodCode>1</ShippingMethodCode>
          <StateOrProvince xsi:nil="true"></StateOrProvince>
          <Telephone1 xsi:nil="true"></Telephone1>
          <Telephone2 xsi:nil="true"></Telephone2>
          <Telephone3 xsi:nil="true"></Telephone3>
          <TimeZoneRuleVersionNumber xsi:nil="true"></TimeZoneRuleVersionNumber>
          <UPSZone xsi:nil="true"></UPSZone>
          <UTCOffset xsi:nil="true"></UTCOffset>
          <UTCConversionTimeZoneCode xsi:nil="true"></UTCConversionTimeZoneCode>
        </Address>
        <Address>
          <AddressNumber>2</AddressNumber>
          <AddressTypeCode>1</AddressTypeCode>
          <City xsi:nil="true"></City>
          <County xsi:nil="true"></County>
          <Country xsi:nil="true"></Country>
          <Fax xsi:nil="true"></Fax>
          <FreightTermsCode xsi:nil="true"></FreightTermsCode>
          <ImportSequenceNumber xsi:nil="true"></ImportSequenceNumber>
          <Latitude xsi:nil="true"></Latitude>
          <Line1 xsi:nil="true"></Line1>
          <Line2 xsi:nil="true"></Line2>
          <Line3 xsi:nil="true"></Line3>
          <Longitude xsi:nil="true"></Longitude>
          <Name xsi:nil="true"></Name>
          <PostalCode xsi:nil="true"></PostalCode>
          <PostOfficeBox xsi:nil="true"></PostOfficeBox>
          <PrimaryContactName xsi:nil="true"></PrimaryContactName>
          <ShippingMethodCode>1</ShippingMethodCode>
          <StateOrProvince xsi:nil="true"></StateOrProvince>
          <Telephone1 xsi:nil="true"></Telephone1>
          <Telephone2 xsi:nil="true"></Telephone2>
          <Telephone3 xsi:nil="true"></Telephone3>
          <TimeZoneRuleVersionNumber xsi:nil="true"></TimeZoneRuleVersionNumber>
          <UPSZone xsi:nil="true"></UPSZone>
          <UTCOffset xsi:nil="true"></UTCOffset>
          <UTCConversionTimeZoneCode xsi:nil="true"></UTCConversionTimeZoneCode>
        </Address>
      </Addresses>
    </Publisher>
    <RootComponents>
      <RootComponent type="1" schemaName="account" behavior="2" />
      <RootComponent type="1" schemaName="contact" behavior="2" />
      <RootComponent type="1" schemaName="pl100dvs_car" behavior="0" />
      <RootComponent type="1" schemaName="pl100dvs_garage" behavior="0" />
      <RootComponent type="1" schemaName="pl100dvs_work" behavior="0" />
      <RootComponent type="9" schemaName="pl100dvs_color" behavior="0" />
      <RootComponent type="9" schemaName="pl100dvs_prsontype" behavior="0" />
      <RootComponent type="60" id="{f1bb170e-4a1c-ec11-b6e6-000d3adaef12}" />
      <RootComponent type="61" schemaName="pl100dvs_ico_app_garage" behavior="0" />
      <RootComponent type="61" schemaName="pl100dvs_ico_entity_car" behavior="0" />
      <RootComponent type="61" schemaName="pl100dvs_ico_entity_garage" behavior="0" />
      <RootComponent type="61" schemaName="pl100dvs_ico_entity_work" behavior="0" />
      <RootComponent type="62" schemaName="pl100dvs_garagetestapp" behavior="0" />
      <RootComponent type="80" schemaName="pl100dvs_garagetestapp" behavior="0" />
      <RootComponent type="431" schemaName="pl100dvs_car pl100dvs_entity_picture" behavior="0" />
      <RootComponent type="432" schemaName="pl100dvs_car" behavior="0" />
    </RootComponents>
    <MissingDependencies>
      <MissingDependency>
        <Required type="26" schemaName="All Contacts" displayName="All Contacts" parentSchemaName="contact" parentDisplayName="Contact" solution="msdynce_AppCommon (9.0.4.0066)" id="{0d5d377b-5e7c-47b5-bab1-a5cb8b4ac105}">
          <package>msdynce_AppCommonAnchor (9.0.21064.10002)</package>
        </Required>
        <Dependent type="60" displayName="Work" parentDisplayName="Work" id="{fc9cce92-4942-479d-82d6-295bc3a4e678}" />
      </MissingDependency>
      <MissingDependency>
        <Required type="26" schemaName="Active Drivers" displayName="Active Drivers" parentSchemaName="contact" parentDisplayName="Contact" solution="Active" id="{63fc5551-2c1a-ec11-b6e6-000d3adaeaa6}" />
        <Dependent type="60" displayName="Work" parentDisplayName="Work" id="{fc9cce92-4942-479d-82d6-295bc3a4e678}" />
      </MissingDependency>
      <MissingDependency>
        <Required type="26" schemaName="Active Employee" displayName="Active Employee" parentSchemaName="contact" parentDisplayName="Contact" solution="Active" id="{71fc7b9f-2c1a-ec11-b6e6-000d3adaeaa6}" />
        <Dependent type="60" displayName="Work" parentDisplayName="Work" id="{fc9cce92-4942-479d-82d6-295bc3a4e678}" />
      </MissingDependency>
      <MissingDependency>
        <Required type="26" schemaName="Active Mechanic" displayName="Active Mechanic" parentSchemaName="contact" parentDisplayName="Contact" solution="Active" id="{95994363-2c1a-ec11-b6e6-000d3adaeaa6}" />
        <Dependent type="60" displayName="Work" parentDisplayName="Work" id="{fc9cce92-4942-479d-82d6-295bc3a4e678}" />
      </MissingDependency>
      <MissingDependency>
        <Required type="60" displayName="Contact" parentDisplayName="Contact" solution="msdynce_AppCommon (9.0.4.0066)" id="{1fed44d1-ae68-4a41-bd2b-f13acac4acfa}">
          <package>msdynce_AppCommonAnchor (9.0.21064.10002)</package>
        </Required>
        <Dependent type="60" displayName="Contact" parentDisplayName="Contact" id="{1fed44d1-ae68-4a41-bd2b-f13acac4acfa}" />
      </MissingDependency>
      <MissingDependency>
        <Required type="60" displayName="account contact card" parentDisplayName="Contact" solution="msdynce_AppCommon (9.0.4.0066)" id="{29de27bc-a257-4f29-99cf-bab4a84e688f}">
          <package>msdynce_AppCommonAnchor (9.0.21064.10002)</package>
        </Required>
        <Dependent type="60" displayName="Cars" parentDisplayName="Car" id="{78207ac6-c35d-406d-a4f7-fa988c050546}" />
      </MissingDependency>
      <MissingDependency>
        <Required type="60" displayName="Contact Quick Create" parentDisplayName="Contact" solution="msdynce_AppCommon (9.0.4.0066)" id="{661157fe-2fc9-4eaa-835f-5bfa2f7b64f7}">
          <package>msdynce_AppCommonAnchor (9.0.21064.10002)</package>
        </Required>
        <Dependent type="60" displayName="Contact Quick Create" parentDisplayName="Contact" id="{661157fe-2fc9-4eaa-835f-5bfa2f7b64f7}" />
      </MissingDependency>
      <MissingDependency>
        <Required type="60" displayName="Contact Quick Form" parentDisplayName="Contact" solution="msdynce_AppCommon (9.0.4.0066)" id="{bdb0ae1c-32fa-4374-b637-8dafe107bc44}">
          <package>msdynce_AppCommonAnchor (9.0.21064.10002)</package>
        </Required>
        <Dependent type="60" displayName="Contact Quick Form" parentDisplayName="Contact" id="{bdb0ae1c-32fa-4374-b637-8dafe107bc44}" />
      </MissingDependency>
      <MissingDependency>
        <Required type="66" schemaName="MscrmControls.CardFeedContainer.CardFeedContainer" displayName="MscrmControls.CardFeedContainer.CardFeedContainer" solution="BaseCustomControlsCore (9.0.2108.5009)" />
        <Dependent type="60" displayName="Contact" parentDisplayName="Contact" id="{1fed44d1-ae68-4a41-bd2b-f13acac4acfa}" />
      </MissingDependency>
    </MissingDependencies>
  </SolutionManifest>
</ImportExportXml>