{"properties":{"connectionReferences":{"shared_flowpush":{"runtimeSource":"invoker","connection":{"connectionReferenceLogicalName":"new_sharedflowpush_59c12"},"api":{"name":"shared_flowpush"}}},"definition":{"$schema":"https://schema.management.azure.com/providers/Microsoft.Logic/schemas/2016-06-01/workflowdefinition.json#","contentVersion":"1.0.0.0","parameters":{"$connections":{"defaultValue":{},"type":"Object"},"$authentication":{"defaultValue":{},"type":"SecureObject"}},"triggers":{"manual":{"type":"Request","kind":"PowerAppV2","inputs":{"schema":{"type":"object","properties":{"number":{"title":"NumberOfCars","type":"number","x-ms-dynamically-added":true,"description":"Entrez un nombre","x-ms-content-hint":"NUMBER"},"text":{"title":"TransportName","type":"string","x-ms-dynamically-added":true,"description":"Tapez votre entrée","x-ms-content-hint":"TEXT"}},"required":["number","text"]}}}},"actions":{"Condition_-_Number_of_car_sup_5":{"actions":{"Set_-_varOutput_Message_-_Manager_approbation":{"runAfter":{"Set_-_varOutput_Status_-_Manager_Info":["Succeeded"]},"type":"SetVariable","inputs":{"name":"varOutput_Message","value":"Une approbation a été demandé à votre manager"}},"Approbation_Simulator":{"runAfter":{},"type":"OpenApiConnection","inputs":{"host":{"connectionName":"shared_flowpush","operationId":"SendNotification","apiId":"/providers/Microsoft.PowerApps/apis/shared_flowpush"},"parameters":{"NotificationDefinition/notificationText":"Approbation Simulator"},"authentication":"@parameters('$authentication')"}},"Set_-_varOutput_Status_-_Manager_Info":{"runAfter":{"Approbation_Simulator":["Succeeded"]},"type":"SetVariable","inputs":{"name":"varOutput_Status","value":"ask"}}},"runAfter":{"Init_-_varOutput_Message":["Succeeded"]},"else":{"actions":{"Send_Transport_HTTP_request":{"runAfter":{},"type":"Http","inputs":{"method":"GET","uri":"https://swapi.dev/api/people/1"}},"Parsing_Transporter_request":{"runAfter":{"Send_Transport_HTTP_request":["Succeeded"]},"type":"ParseJson","inputs":{"content":"@body('Send_Transport_HTTP_request')","schema":{"type":"object","properties":{"name":{"type":"string"},"height":{"type":"string"},"mass":{"type":"string"},"hair_color":{"type":"string"},"skin_color":{"type":"string"},"eye_color":{"type":"string"},"birth_year":{"type":"string"},"gender":{"type":"string"},"homeworld":{"type":"string"},"films":{"type":"array","items":{"type":"string"}},"species":{"type":"array"},"vehicles":{"type":"array","items":{"type":"string"}},"starships":{"type":"array","items":{"type":"string"}},"created":{"type":"string"},"edited":{"type":"string"},"url":{"type":"string"}}}}},"Set_-_varOutput_Status_-_Transport_Info":{"runAfter":{"Parsing_Transporter_request":["Succeeded"]},"type":"SetVariable","inputs":{"name":"varOutput_Status","value":"resp"}},"Set_-_varOutput_Message_-_Transport_Response":{"runAfter":{"Set_-_varOutput_Status_-_Transport_Info":["Succeeded"]},"type":"SetVariable","inputs":{"name":"varOutput_Message","value":"@{body('Parsing_Transporter_request')?['name']} approuve your request"}},"Set_-_varOutput_Status_-_Transport_Info_-_error":{"runAfter":{"Send_Transport_HTTP_request":["Failed","Skipped","TimedOut"]},"type":"SetVariable","inputs":{"name":"varOutput_Status","value":"err"}},"Set_-_varOutput_Message_-_Transport_Response_-_message":{"runAfter":{"Set_-_varOutput_Status_-_Transport_Info_-_error":["Succeeded"]},"type":"SetVariable","inputs":{"name":"varOutput_Message","value":"Error during transport request"}}}},"expression":{"greater":["@triggerBody()['number']",5]},"type":"If"},"Répondre_à_une_instance_PowerApp_ou_à_un_flux_2":{"runAfter":{"Condition_-_Number_of_car_sup_5":["Succeeded"]},"type":"Response","kind":"PowerApp","inputs":{"statusCode":200,"body":{"status":"@variables('varOutput_Status')","message":"@variables('varOutput_Message')"},"schema":{"type":"object","properties":{"status":{"title":"status","x-ms-dynamically-added":true,"type":"string"},"message":{"title":"message","x-ms-dynamically-added":true,"type":"string"}}}}},"Init_-_varOutput_Status":{"runAfter":{},"type":"InitializeVariable","inputs":{"variables":[{"name":"varOutput_Status","type":"string"}]}},"Init_-_varOutput_Message":{"runAfter":{"Init_-_varOutput_Status":["Succeeded"]},"type":"InitializeVariable","inputs":{"variables":[{"name":"varOutput_Message","type":"string"}]}}},"outputs":{}}},"schemaVersion":"1.0.0.0"}