{"properties":{"connectionReferences":{"shared_microsoftforms_1":{"runtimeSource":"embedded","connection":{"connectionReferenceLogicalName":"pl100pa_sharedmicrosoftforms_85bef"},"api":{"name":"shared_microsoftforms"}},"shared_commondataserviceforapps":{"runtimeSource":"embedded","connection":{"connectionReferenceLogicalName":"pl100pa_sharedcommondataserviceforapps_fa808"},"api":{"name":"shared_commondataserviceforapps"}},"shared_office365_1":{"runtimeSource":"embedded","connection":{"connectionReferenceLogicalName":"pl100pa_sharedoffice365_34f45"},"api":{"name":"shared_office365"}}},"definition":{"$schema":"https://schema.management.azure.com/providers/Microsoft.Logic/schemas/2016-06-01/workflowdefinition.json#","contentVersion":"1.0.0.0","parameters":{"$connections":{"defaultValue":{},"type":"Object"},"$authentication":{"defaultValue":{},"type":"SecureObject"}},"triggers":{"pl100-Event-Forms":{"splitOn":"@triggerOutputs()?['body/value']","type":"OpenApiConnectionWebhook","inputs":{"host":{"connectionName":"shared_microsoftforms_1","operationId":"CreateFormWebhook","apiId":"/providers/Microsoft.PowerApps/apis/shared_microsoftforms"},"parameters":{"form_id":"v4j5cvGGr0GRqy180BHbR3zwJTO3s11AuaqpNnBbrwdUMFlHOE84UEY1QkJWRTNIQzZFUzZJSkg2RS4u"},"authentication":"@parameters('$authentication')"}}},"actions":{"pl100-get-details":{"runAfter":{},"type":"OpenApiConnection","inputs":{"host":{"connectionName":"shared_microsoftforms_1","operationId":"GetFormResponseById","apiId":"/providers/Microsoft.PowerApps/apis/shared_microsoftforms"},"parameters":{"form_id":"v4j5cvGGr0GRqy180BHbR3zwJTO3s11AuaqpNnBbrwdUMFlHOE84UEY1QkJWRTNIQzZFUzZJSkg2RS4u","response_id":"@triggerOutputs()?['body/resourceData/responseId']"},"authentication":"@parameters('$authentication')"}},"Intialiser_Dateforms":{"runAfter":{"pl100-get-details":["Succeeded"]},"type":"InitializeVariable","inputs":{"variables":[{"name":"Dateforms","type":"string","value":"@outputs('pl100-get-details')?['body/rf41a66f3710a444fa7e891c0381caf15']"}]}},"Initialiser_Startindex":{"runAfter":{"Intialiser_Dateforms":["Succeeded"]},"type":"InitializeVariable","inputs":{"variables":[{"name":"Startindex","type":"integer","value":"@add(indexOf(variables('Dateforms'),'('),1)"}]}},"Initialiser_NBcharacter":{"runAfter":{"Initialiser_Startindex":["Succeeded"]},"type":"InitializeVariable","inputs":{"variables":[{"name":"NBcharacter","type":"integer","value":"@sub(sub(length(variables('Dateforms')),variables('Startindex')),1)"}]}},"Initialiser_EventID":{"runAfter":{"Initialiser_NBcharacter":["Succeeded"]},"type":"InitializeVariable","inputs":{"variables":[{"name":"EventID","type":"integer","value":"@int(substring(variables('Dateforms'),variables('Startindex'),variables('NBcharacter')))"}]}},"Initialiser_StartDate":{"runAfter":{"Initialiser_EventID":["Succeeded"]},"type":"InitializeVariable","inputs":{"variables":[{"name":"startdate","type":"string"}]}},"Deja_Inscrit":{"runAfter":{"Initialiser_StartDate":["Succeeded"]},"type":"OpenApiConnection","inputs":{"host":{"connectionName":"shared_commondataserviceforapps","operationId":"ListRecords","apiId":"/providers/Microsoft.PowerApps/apis/shared_commondataserviceforapps"},"parameters":{"entityName":"pl100pa_inscriptionses","fetchXml":"<fetch top=\"1\" >\n  <entity name=\"pl100pa_inscriptions\" >\n    <attribute name=\"pl100pa_attendeeemail\" />\n    <attribute name=\"pl100pa_status\" />\n    <attribute name=\"pl100pa_eventid\" />\n    <filter>\n      <condition attribute=\"pl100pa_eventid\" operator=\"eq\" value=\"@{variables('EventID')}\" />\n      <condition attribute=\"pl100pa_attendeeemail\" operator=\"eq\" value=\"@{outputs('pl100-get-details')?['body/r8a5b437cc9bb4ff599427f2593a62903']}\"/>\n    </filter>\n  </entity>\n</fetch>"},"authentication":"@parameters('$authentication')"}},"Intialiser_TableauDejaInscrit":{"runAfter":{"Deja_Inscrit":["Succeeded"]},"type":"InitializeVariable","inputs":{"variables":[{"name":"TableauDejaInscrit","type":"array","value":"@outputs('Deja_Inscrit')?['body/value']"}]}},"Condition_Deja_Inscrit":{"actions":{"Ajouter_une_nouvelle_inscription":{"runAfter":{},"type":"OpenApiConnection","inputs":{"host":{"connectionName":"shared_commondataserviceforapps","operationId":"CreateRecord","apiId":"/providers/Microsoft.PowerApps/apis/shared_commondataserviceforapps"},"parameters":{"entityName":"pl100pa_inscriptionses","item/pl100pa_inscriptiondate":"@utcNow()","item/pl100pa_name":"@outputs('pl100-get-details')?['body/rf41a66f3710a444fa7e891c0381caf15']","item/pl100pa_attendeeemail":"@outputs('pl100-get-details')?['body/r8a5b437cc9bb4ff599427f2593a62903']","item/pl100pa_attendeefirstname":"@outputs('pl100-get-details')?['body/r3296663e9b804b69b536d81ee3f65b59']","item/pl100pa_attendeename":"@outputs('pl100-get-details')?['body/r35b2173d1e23419faee05c049f4001cf']","item/pl100pa_company":"@outputs('pl100-get-details')?['body/r12c8ec2db8c9428c89a57e86b9175acb']","item/pl100pa_eventid":"@variables('EventID')","item/pl100pa_status":0},"authentication":"@parameters('$authentication')"}},"Rechercher_la_session_associee":{"runAfter":{"Ajouter_une_nouvelle_inscription":["Succeeded"]},"type":"OpenApiConnection","inputs":{"host":{"connectionName":"shared_commondataserviceforapps","operationId":"ListRecords","apiId":"/providers/Microsoft.PowerApps/apis/shared_commondataserviceforapps"},"parameters":{"entityName":"pl100pa_evenements","$filter":"pl100pa_eventid eq @{variables('EventID')}"},"authentication":"@parameters('$authentication')"}},"Parcourir_les_lignes_entite_evenements":{"foreach":"@outputs('Rechercher_la_session_associee')?['body/value']","actions":{"Message_inscription_validée":{"runAfter":{"Traduire_le_texte_dans_une_autre_langue":["Succeeded"]},"type":"OpenApiConnection","inputs":{"host":{"connectionName":"shared_office365_1","operationId":"SendEmailV2","apiId":"/providers/Microsoft.PowerApps/apis/shared_office365"},"parameters":{"emailMessage/To":"@outputs('pl100-get-details')?['body/r8a5b437cc9bb4ff599427f2593a62903']","emailMessage/Subject":"Inscription à la session : @{items('Parcourir_les_lignes_entite_evenements')?['pl100pa_name']}","emailMessage/Body":"<p>Bonjour &nbsp;@{outputs('pl100-get-details')?['body/r3296663e9b804b69b536d81ee3f65b59']} @{outputs('pl100-get-details')?['body/r35b2173d1e23419faee05c049f4001cf']}<br>\n<br>\nVotre demande d'inscription à la session @{items('Parcourir_les_lignes_entite_evenements')?['pl100pa_name']} <strong></strong><strong>@{outputs('Traduire_le_texte_dans_une_autre_langue')?['body/responsev2/predictionOutput/text']}</strong><strong> </strong>a été prise en compte.<br>\n<br>\nVous recevrez une confirmation d'inscription ultérieurement en fonction du nombre de place restante.<br>\n<br>\n<br>\nEquipe PL-100 Academy</p>","emailMessage/From":"frocpev@microsoft.com"},"authentication":"@parameters('$authentication')"}},"Traduire_le_texte_dans_une_autre_langue":{"runAfter":{},"metadata":{"flowSystemMetadata":{"portalOperationId":"aibuilderpredict_texttranslationpretrained","portalOperationGroup":"aibuilder","portalOperationApiDisplayNameOverride":"AI Builder","portalOperationIconOverride":"https://psuxemea.azureedge.net/Content/Images/DesignerOperations/aiBuilder.png","portalOperationBrandColorOverride":"#742775","portalOperationApiTierOverride":"Standard"}},"type":"OpenApiConnection","inputs":{"host":{"connectionName":"shared_commondataserviceforapps","operationId":"aibuilderpredict_texttranslationpretrained","apiId":"/providers/Microsoft.PowerApps/apis/shared_commondataserviceforapps"},"parameters":{"item/requestv2/text":"@convertFromUtc(items('Parcourir_les_lignes_entite_evenements')?['pl100pa_eventstartdate'],'Romance Standard Time','F')","item/requestv2/targetLanguage":"fr","item/requestv2/sourceLanguage":"auto"},"authentication":"@parameters('$authentication')"}}},"runAfter":{"Rechercher_la_session_associee":["Succeeded"]},"type":"Foreach"}},"runAfter":{"Intialiser_TableauDejaInscrit":["Succeeded"]},"else":{"actions":{"Message_deja_inscrit":{"runAfter":{},"type":"OpenApiConnection","inputs":{"host":{"connectionName":"shared_office365_1","operationId":"SendEmailV2","apiId":"/providers/Microsoft.PowerApps/apis/shared_office365"},"parameters":{"emailMessage/To":"@outputs('pl100-get-details')?['body/r8a5b437cc9bb4ff599427f2593a62903']","emailMessage/Subject":"Inscription à la session : @{outputs('pl100-get-details')?['body/rf41a66f3710a444fa7e891c0381caf15']}","emailMessage/Body":"<p>Bonjour @{outputs('pl100-get-details')?['body/r3296663e9b804b69b536d81ee3f65b59']} @{outputs('pl100-get-details')?['body/r35b2173d1e23419faee05c049f4001cf']}<br>\n<br>\nVous êtes déjà inscrit à la session @{outputs('pl100-get-details')?['body/rf41a66f3710a444fa7e891c0381caf15']}<br>\n<br>\nEquipe PL-100 Academy</p>","emailMessage/From":"frocpev@microsoft.com"},"authentication":"@parameters('$authentication')"}}}},"expression":{"equals":["@length(variables('TableauDejaInscrit'))",0]},"type":"If"}},"outputs":{}}},"schemaVersion":"1.0.0.0"}