{"properties":{"connectionReferences":{"shared_microsoftforms":{"runtimeSource":"embedded","connection":{"connectionReferenceLogicalName":"pl100pa_sharedmicrosoftforms_85bef"},"api":{"name":"shared_microsoftforms"}},"shared_office365":{"runtimeSource":"embedded","connection":{"connectionReferenceLogicalName":"pl100pa_sharedoffice365_34f45"},"api":{"name":"shared_office365"}},"shared_commondataserviceforapps":{"runtimeSource":"embedded","connection":{"connectionReferenceLogicalName":"pl100pa_sharedcommondataserviceforapps_fa808"},"api":{"name":"shared_commondataserviceforapps"}}},"definition":{"$schema":"https://schema.management.azure.com/providers/Microsoft.Logic/schemas/2016-06-01/workflowdefinition.json#","contentVersion":"1.0.0.0","parameters":{"$connections":{"defaultValue":{},"type":"Object"},"$authentication":{"defaultValue":{},"type":"SecureObject"}},"triggers":{"pl100-Event-Forms":{"splitOn":"@triggerOutputs()?['body/value']","type":"OpenApiConnectionWebhook","inputs":{"host":{"connectionName":"shared_microsoftforms","operationId":"CreateFormWebhook","apiId":"/providers/Microsoft.PowerApps/apis/shared_microsoftforms"},"parameters":{"form_id":"v4j5cvGGr0GRqy180BHbR3zwJTO3s11AuaqpNnBbrwdUMFlHOE84UEY1QkJWRTNIQzZFUzZJSkg2RS4u"},"authentication":"@parameters('$authentication')"}}},"actions":{"pl100-get-details":{"runAfter":{},"type":"OpenApiConnection","inputs":{"host":{"connectionName":"shared_microsoftforms","operationId":"GetFormResponseById","apiId":"/providers/Microsoft.PowerApps/apis/shared_microsoftforms"},"parameters":{"form_id":"v4j5cvGGr0GRqy180BHbR3zwJTO3s11AuaqpNnBbrwdUMFlHOE84UEY1QkJWRTNIQzZFUzZJSkg2RS4u","response_id":"@triggerOutputs()?['body/resourceData/responseId']"},"authentication":"@parameters('$authentication')"}},"Envoyer_un_e-mail_(V2)":{"runAfter":{"Ajouter_une_nouvelle_ligne":["Succeeded"]},"type":"OpenApiConnection","inputs":{"host":{"connectionName":"shared_office365","operationId":"SendEmailV2","apiId":"/providers/Microsoft.PowerApps/apis/shared_office365"},"parameters":{"emailMessage/To":"@outputs('pl100-get-details')?['body/r8a5b437cc9bb4ff599427f2593a62903']","emailMessage/Subject":"Inscription à la session \"@{outputs('pl100-get-details')?['body/rf41a66f3710a444fa7e891c0381caf15']}\"","emailMessage/Body":"<p>Bonjour<br>\n<br>\nNous vous confirmons votre demande d'inscription à cet évènement.<br>\n<br>\nL'équipe PL-100 Academy</p>"},"authentication":"@parameters('$authentication')"}},"Ajouter_une_nouvelle_ligne":{"runAfter":{"pl100-get-details":["Succeeded"]},"type":"OpenApiConnection","inputs":{"host":{"connectionName":"shared_commondataserviceforapps","operationId":"CreateRecord","apiId":"/providers/Microsoft.PowerApps/apis/shared_commondataserviceforapps"},"parameters":{"entityName":"pl100pa_inscriptionses","item/pl100pa_inscriptiondate":"@utcNow()","item/pl100pa_name":"@outputs('pl100-get-details')?['body/rf41a66f3710a444fa7e891c0381caf15']","item/pl100pa_attendeeemail":"@outputs('pl100-get-details')?['body/r8a5b437cc9bb4ff599427f2593a62903']","item/pl100pa_attendeefirstname":"@outputs('pl100-get-details')?['body/r3296663e9b804b69b536d81ee3f65b59']","item/pl100pa_attendeename":"@outputs('pl100-get-details')?['body/r35b2173d1e23419faee05c049f4001cf']","item/pl100pa_company":"@outputs('pl100-get-details')?['body/r12c8ec2db8c9428c89a57e86b9175acb']","item/pl100pa_eventid":1,"item/pl100pa_status":0},"authentication":"@parameters('$authentication')"}}},"outputs":{}}},"schemaVersion":"1.0.0.0"}