{"properties":{"connectionReferences":{"shared_commondataserviceforapps":{"runtimeSource":"embedded","connection":{"connectionReferenceLogicalName":"pl100pa_sharedcommondataserviceforapps_fa808"},"api":{"name":"shared_commondataserviceforapps"}},"shared_approvals":{"runtimeSource":"embedded","connection":{"connectionReferenceLogicalName":"pl100pa_sharedapprovals_068ef"},"api":{"name":"shared_approvals"}},"shared_office365":{"runtimeSource":"embedded","connection":{"connectionReferenceLogicalName":"pl100pa_sharedoffice365_53b95"},"api":{"name":"shared_office365"}},"shared_office365_1":{"runtimeSource":"embedded","connection":{"connectionReferenceLogicalName":"pl100pa_sharedoffice365_34f45"},"api":{"name":"shared_office365"}},"shared_flowpush":{"runtimeSource":"embedded","connection":{"connectionReferenceLogicalName":"pl100pa_sharedflowpush_05a16"},"api":{"name":"shared_flowpush"}}},"definition":{"$schema":"https://schema.management.azure.com/providers/Microsoft.Logic/schemas/2016-06-01/workflowdefinition.json#","contentVersion":"1.0.0.0","parameters":{"$connections":{"defaultValue":{},"type":"Object"},"$authentication":{"defaultValue":{},"type":"SecureObject"}},"triggers":{"Lorsqu’une_nouvelle_inscription_arrive":{"type":"OpenApiConnectionWebhook","inputs":{"host":{"connectionName":"shared_commondataserviceforapps","operationId":"SubscribeWebhookTrigger","apiId":"/providers/Microsoft.PowerApps/apis/shared_commondataserviceforapps"},"parameters":{"subscriptionRequest/message":1,"subscriptionRequest/entityname":"pl100pa_inscriptions","subscriptionRequest/scope":4},"authentication":"@parameters('$authentication')"}}},"actions":{"Lister_les_lignes_Evenement":{"runAfter":{"Initialiser_la_variable":["Succeeded"]},"type":"OpenApiConnection","inputs":{"host":{"connectionName":"shared_commondataserviceforapps","operationId":"ListRecords","apiId":"/providers/Microsoft.PowerApps/apis/shared_commondataserviceforapps"},"parameters":{"entityName":"pl100pa_evenements","$filter":"pl100pa_eventid eq @{triggerOutputs()?['body/pl100pa_eventid']}"},"authentication":"@parameters('$authentication')"}},"Appliquer_à_chacun":{"foreach":"@outputs('Lister_les_lignes_Evenement')?['body/value']","actions":{"Démarrer_et_attendre_une_approbation":{"runAfter":{},"type":"OpenApiConnectionWebhook","inputs":{"host":{"connectionName":"shared_approvals","operationId":"StartAndWaitForAnApproval","apiId":"/providers/Microsoft.PowerApps/apis/shared_approvals"},"parameters":{"approvalType":"Basic","WebhookApprovalCreationInput/title":"Demande Approbation pour la session : @{items('Appliquer_à_chacun')?['pl100pa_name']}","WebhookApprovalCreationInput/assignedTo":"@{items('Appliquer_à_chacun')?['pl100pa_approuveur']};","WebhookApprovalCreationInput/details":"@{triggerOutputs()?['body/pl100pa_attendeefirstname']} @{triggerOutputs()?['body/pl100pa_attendeename']} de la société @{triggerOutputs()?['body/pl100pa_company']} souhaite s'inscrire voulez-vous l'approuver ?\nLieu : Virtuel\nDate : @{items('Appliquer_à_chacun')?['pl100pa_eventstartdate']}\nDurée : @{items('Appliquer_à_chacun')?['pl100pa_eventduration']}","WebhookApprovalCreationInput/enableNotifications":true,"WebhookApprovalCreationInput/enableReassignment":true},"authentication":"@parameters('$authentication')"}},"Condition":{"actions":{"Mettre_à_jour_une_ligne_Inscription":{"runAfter":{},"type":"OpenApiConnection","inputs":{"host":{"connectionName":"shared_commondataserviceforapps","operationId":"UpdateRecord","apiId":"/providers/Microsoft.PowerApps/apis/shared_commondataserviceforapps"},"parameters":{"entityName":"pl100pa_inscriptionses","recordId":"@variables('IDLIGNE')","item/pl100pa_approuveur":"@items('Appliquer_à_chacun')?['pl100pa_approuveur']","item/pl100pa_status":1},"authentication":"@parameters('$authentication')"}},"Message_approbation":{"runAfter":{"Mettre_à_jour_une_ligne_Inscription":["Succeeded"]},"type":"OpenApiConnection","inputs":{"host":{"connectionName":"shared_office365","operationId":"SendEmailV2","apiId":"/providers/Microsoft.PowerApps/apis/shared_office365"},"parameters":{"emailMessage/To":"@outputs('Mettre_à_jour_une_ligne_Inscription')?['body/pl100pa_attendeeemail']","emailMessage/Subject":"Approbation session : @{items('Appliquer_à_chacun')?['pl100pa_name']}","emailMessage/Body":"<p><br>\nBonjour @{triggerOutputs()?['body/pl100pa_attendeefirstname']} @{triggerOutputs()?['body/pl100pa_attendeename']}<br>\n<br>\nNous vous confirmons votre inscription à la session @{items('Appliquer_à_chacun')?['pl100pa_name']} qui aura lieu le @{convertFromUtc(items('Appliquer_à_chacun')?['pl100pa_eventstartdate'],'Romance Standard Time', 'F')}<br>\n<br>\nPour vous connectez à la session, <a href=\"https://www.youtube.com/channel/UC5boiUhxNKVdGrE__ojzw4A\">cliquez-ici</a>.<br>\n<br>\n<br>\n<br>\nL'équpe PL 100 Academy</p>","emailMessage/From":"frocpev@microsoft.com"},"authentication":"@parameters('$authentication')"}},"Ajout_session_au_calendrier":{"runAfter":{"Message_approbation":["Succeeded"]},"type":"OpenApiConnection","inputs":{"host":{"connectionName":"shared_office365_1","operationId":"V4CalendarPostItem","apiId":"/providers/Microsoft.PowerApps/apis/shared_office365"},"parameters":{"table":"AQMkADEzN2E1Nzk1LTljYjMtNGMyYS1hOTI4LTUwMmJlM2NiMmQ2YwBGAAAD4dVq_R3aak_jt1tHwhliwwcAe02l0vuAzkazihNUQVFgFAAAAgEGAAAAe02l0vuAzkazihNUQVFgFAAAAT9iJQAAAA==","item/subject":"Session @{items('Appliquer_à_chacun')?['pl100pa_name']}","item/start":"@convertFromUtc(items('Appliquer_à_chacun')?['pl100pa_eventstartdate'],'Romance Standard Time')","item/end":"@convertFromUtc(items('Appliquer_à_chacun')?['pl100pa_eventenddate'],'Romance Standard Time')","item/timeZone":"(UTC+01:00) Brussels, Copenhagen, Madrid, Paris","item/requiredAttendees":"@outputs('Mettre_à_jour_une_ligne_Inscription')?['body/pl100pa_attendeeemail']","item/body":"<p>Bonjour @{outputs('Mettre_à_jour_une_ligne_Inscription')?['body/pl100pa_attendeefirstname']} @{outputs('Mettre_à_jour_une_ligne_Inscription')?['body/pl100pa_attendeename']}<br>\n<br>\nVoici le lien pour vous connecter à la session en live<br>\n<br>\nPour vous connectez à la session, <a href=\"https://www.youtube.com/channel/UC5boiUhxNKVdGrE__ojzw4A\">cliquez-ici</a>.<br>\n<br>\n<br>\nL'équip e PL 100 Academy</p>","item/location":"Virtuel","item/sensitivity":"normal"},"authentication":"@parameters('$authentication')"}}},"runAfter":{"Démarrer_et_attendre_une_approbation":["Succeeded"]},"else":{"actions":{"Message_Rejet":{"runAfter":{},"type":"OpenApiConnection","inputs":{"host":{"connectionName":"shared_office365","operationId":"SendEmailV2","apiId":"/providers/Microsoft.PowerApps/apis/shared_office365"},"parameters":{"emailMessage/To":"@{items('Appliquer_à_chacun')?['pl100pa_approuveur']};@{triggerOutputs()?['body/pl100pa_attendeeemail']}","emailMessage/Subject":"Inscription à la session @{items('Appliquer_à_chacun')?['pl100pa_name']}","emailMessage/Body":"<p><br>\nBonjour @{triggerOutputs()?['body/pl100pa_attendeefirstname']} @{triggerOutputs()?['body/pl100pa_attendeename']}<br>\n<br>\nNous sommes dans le regret de vous dire qu'il n'y a plus de place...<br>\n<br>\n<br>\nL'équipe PL 100 Academy</p>","emailMessage/From":"frocpev@microsoft.com"},"authentication":"@parameters('$authentication')"}},"Supprimer_une_ligne":{"runAfter":{"Message_Rejet":["Succeeded"]},"type":"OpenApiConnection","inputs":{"host":{"connectionName":"shared_commondataserviceforapps","operationId":"DeleteRecord","apiId":"/providers/Microsoft.PowerApps/apis/shared_commondataserviceforapps"},"parameters":{"entityName":"pl100pa_inscriptionses","recordId":"@variables('IDLIGNE')"},"authentication":"@parameters('$authentication')"}}}},"expression":{"equals":["@outputs('Démarrer_et_attendre_une_approbation')?['body/outcome']","Approve"]},"type":"If"},"Send_me_a_mobile_notification":{"runAfter":{"Démarrer_et_attendre_une_approbation":["TimedOut"]},"type":"OpenApiConnection","inputs":{"host":{"connectionName":"shared_flowpush","operationId":"SendNotification","apiId":"/providers/Microsoft.PowerApps/apis/shared_flowpush"},"parameters":{"NotificationDefinition/notificationText":"Approval Timeout"},"authentication":"@parameters('$authentication')"}}},"runAfter":{"Lister_les_lignes_Evenement":["Succeeded"]},"type":"Foreach"},"Initialiser_la_variable":{"runAfter":{},"type":"InitializeVariable","inputs":{"variables":[{"name":"IDLIGNE","type":"string","value":"@{triggerBody()?['pl100pa_inscriptionsid']}"}]}}},"outputs":{}}},"schemaVersion":"1.0.0.0"}