{"properties":{"connectionReferences":{"shared_commondataserviceforapps":{"runtimeSource":"embedded","connection":{"connectionReferenceLogicalName":"pl100pa_sharedcommondataserviceforapps_fa808"},"api":{"name":"shared_commondataserviceforapps"}}},"definition":{"$schema":"https://schema.management.azure.com/providers/Microsoft.Logic/schemas/2016-06-01/workflowdefinition.json#","contentVersion":"1.0.0.0","parameters":{"$connections":{"defaultValue":{},"type":"Object"},"$authentication":{"defaultValue":{},"type":"SecureObject"}},"triggers":{"manual":{"type":"Request","kind":"Button","inputs":{"schema":{"type":"object","properties":{},"required":[]}}}},"actions":{"Lister_les_lignes_de_la_table_Inscription":{"runAfter":{},"type":"OpenApiConnection","inputs":{"host":{"connectionName":"shared_commondataserviceforapps","operationId":"ListRecords","apiId":"/providers/Microsoft.PowerApps/apis/shared_commondataserviceforapps"},"parameters":{"entityName":"pl100pa_inscriptionses","$top":300},"authentication":{"type":"Raw","value":"@json(decodeBase64(triggerOutputs().headers['X-MS-APIM-Tokens']))['$ConnectionKey']"}}},"Ajout_de_la_session_PL100_Academy_-_Canvas":{"runAfter":{"Ajout_de_la_session_PL100_Academy_-_Model_Driven":["Succeeded"]},"type":"OpenApiConnection","inputs":{"host":{"connectionName":"shared_commondataserviceforapps","operationId":"CreateRecord","apiId":"/providers/Microsoft.PowerApps/apis/shared_commondataserviceforapps"},"parameters":{"entityName":"pl100pa_evenements","item/pl100pa_approuveur":"chfrance@microsoft.com","item/pl100pa_name":"PL 100 Academy - Canvas","item/pl100pa_eventduration":1,"item/pl100pa_eventenddate":"@formatDateTime('10/01/2021 11:00:00','MM/dd/yyy hh:mm:ss')","item/pl100pa_eventmaxattendees":100,"item/pl100pa_eventstartdate":"@formatDateTime('10/01/2021 10:00:00','MM/dd/yyyy hh:mm:ss')","item/pl100pa_eventid":3},"authentication":{"type":"Raw","value":"@json(decodeBase64(triggerOutputs().headers['X-MS-APIM-Tokens']))['$ConnectionKey']"}}},"Ajout_de_la_session_PL100_Academy_-_Dataverse":{"runAfter":{"Supprimer_chacune_des_lignes_de_la_table_evenement":["Succeeded"]},"type":"OpenApiConnection","inputs":{"host":{"connectionName":"shared_commondataserviceforapps","operationId":"CreateRecord","apiId":"/providers/Microsoft.PowerApps/apis/shared_commondataserviceforapps"},"parameters":{"entityName":"pl100pa_evenements","item/pl100pa_approuveur":"chfrance@microsoft.com","item/pl100pa_name":"PL 100 Academy - Dataverse","item/pl100pa_eventduration":1,"item/pl100pa_eventenddate":"@formatDateTime('09/27/2021 11:00:00', 'MM/dd/yyy hh:mm:ss')","item/pl100pa_eventmaxattendees":100,"item/pl100pa_eventstartdate":"@formatDateTime('09/27/2021 10:00:00', 'MM/dd/yyyy hh:mm:ss')","item/pl100pa_eventid":1},"authentication":{"type":"Raw","value":"@json(decodeBase64(triggerOutputs().headers['X-MS-APIM-Tokens']))['$ConnectionKey']"}}},"Ajout_de_la_session_PL100_Academy_-_Model_Driven":{"runAfter":{"Ajout_de_la_session_PL100_Academy_-_Dataverse":["Succeeded"]},"type":"OpenApiConnection","inputs":{"host":{"connectionName":"shared_commondataserviceforapps","operationId":"CreateRecord","apiId":"/providers/Microsoft.PowerApps/apis/shared_commondataserviceforapps"},"parameters":{"entityName":"pl100pa_evenements","item/pl100pa_approuveur":"ericv@microsoft.com","item/pl100pa_name":"PL 100 Academy - Model Driven","item/pl100pa_eventduration":1,"item/pl100pa_eventenddate":"@formatDateTime('09/29/2021 11:00:00', 'MM/dd/yyy hh:mm:ss')","item/pl100pa_eventmaxattendees":100,"item/pl100pa_eventstartdate":"@formatDateTime('09/29/2021 10:00:00', 'MM/dd/yyyy hh:mm:ss')","item/pl100pa_eventid":2},"authentication":{"type":"Raw","value":"@json(decodeBase64(triggerOutputs().headers['X-MS-APIM-Tokens']))['$ConnectionKey']"}}},"Ajout_de_la_session_PL100_Academy_-_Power_Automate":{"runAfter":{"Ajout_de_la_session_PL100_Academy_-_Canvas":["Succeeded"]},"type":"OpenApiConnection","inputs":{"host":{"connectionName":"shared_commondataserviceforapps","operationId":"CreateRecord","apiId":"/providers/Microsoft.PowerApps/apis/shared_commondataserviceforapps"},"parameters":{"entityName":"pl100pa_evenements","item/pl100pa_approuveur":"chfrance@microsoft.com","item/pl100pa_name":"PL 100 Academy - Power Automate","item/pl100pa_eventduration":1,"item/pl100pa_eventenddate":"@formatDateTime('10/04/2021 11:00:00', 'MM/dd/yyy hh:mm:ss')","item/pl100pa_eventmaxattendees":100,"item/pl100pa_eventstartdate":"@formatDateTime('10/04/2021 10:00:00', 'MM/dd/yyyy hh:mm:ss')","item/pl100pa_eventid":4},"authentication":{"type":"Raw","value":"@json(decodeBase64(triggerOutputs().headers['X-MS-APIM-Tokens']))['$ConnectionKey']"}}},"Ajout_de_la_session_PL100_Academy_-_Power_BI":{"runAfter":{"Ajout_de_la_session_PL100_Academy_-_Power_Automate":["Succeeded"]},"type":"OpenApiConnection","inputs":{"host":{"connectionName":"shared_commondataserviceforapps","operationId":"CreateRecord","apiId":"/providers/Microsoft.PowerApps/apis/shared_commondataserviceforapps"},"parameters":{"entityName":"pl100pa_evenements","item/pl100pa_approuveur":"chfrance@microsoft.com","item/pl100pa_name":"PL 100 Academy - Power BI","item/pl100pa_eventduration":1,"item/pl100pa_eventenddate":"@formatDateTime('10/06/2021 11:00:00', 'MM/dd/yyy hh:mm:ss')","item/pl100pa_eventmaxattendees":100,"item/pl100pa_eventstartdate":"@formatDateTime('10/06/2021 10:00:00', 'MM/dd/yyyy hh:mm:ss')","item/pl100pa_eventid":5},"authentication":{"type":"Raw","value":"@json(decodeBase64(triggerOutputs().headers['X-MS-APIM-Tokens']))['$ConnectionKey']"}}},"Ajout_de_la_session_PL100_Academy_-_Q_and_A":{"runAfter":{"Ajout_de_la_session_PL100_Academy_-_Power_BI":["Succeeded"]},"type":"OpenApiConnection","inputs":{"host":{"connectionName":"shared_commondataserviceforapps","operationId":"CreateRecord","apiId":"/providers/Microsoft.PowerApps/apis/shared_commondataserviceforapps"},"parameters":{"entityName":"pl100pa_evenements","item/pl100pa_approuveur":"ericv@microsoft.com","item/pl100pa_name":"PL 100 Academy - Q&A","item/pl100pa_eventduration":1,"item/pl100pa_eventenddate":"@formatDateTime('10/08/2021 11:00:00', 'MM/dd/yyy hh:mm:ss')","item/pl100pa_eventmaxattendees":100,"item/pl100pa_eventstartdate":"@formatDateTime('10/08/2021 10:00:00', 'MM/dd/yyyy hh:mm:ss')","item/pl100pa_eventid":6},"authentication":{"type":"Raw","value":"@json(decodeBase64(triggerOutputs().headers['X-MS-APIM-Tokens']))['$ConnectionKey']"}}},"Supprimer_chacune_des_lignes_de_la_table_inscription":{"foreach":"@outputs('Lister_les_lignes_de_la_table_Inscription')?['body/value']","actions":{"Supprimer_une_ligne":{"runAfter":{},"type":"OpenApiConnection","inputs":{"host":{"connectionName":"shared_commondataserviceforapps","operationId":"DeleteRecord","apiId":"/providers/Microsoft.PowerApps/apis/shared_commondataserviceforapps"},"parameters":{"entityName":"pl100pa_inscriptionses","recordId":"@items('Supprimer_chacune_des_lignes_de_la_table_inscription')?['pl100pa_inscriptionsid']"},"authentication":{"type":"Raw","value":"@json(decodeBase64(triggerOutputs().headers['X-MS-APIM-Tokens']))['$ConnectionKey']"}}}},"runAfter":{"Lister_les_lignes_de_la_table_Inscription":["Succeeded"]},"type":"Foreach"},"Lister_les_lignes_de_la_table_Evenement":{"runAfter":{"Supprimer_chacune_des_lignes_de_la_table_inscription":["Succeeded"]},"type":"OpenApiConnection","inputs":{"host":{"connectionName":"shared_commondataserviceforapps","operationId":"ListRecords","apiId":"/providers/Microsoft.PowerApps/apis/shared_commondataserviceforapps"},"parameters":{"entityName":"pl100pa_evenements","$top":300},"authentication":{"type":"Raw","value":"@json(decodeBase64(triggerOutputs().headers['X-MS-APIM-Tokens']))['$ConnectionKey']"}}},"Supprimer_chacune_des_lignes_de_la_table_evenement":{"foreach":"@outputs('Lister_les_lignes_de_la_table_Evenement')?['body/value']","actions":{"Supprimer_une_ligne_2":{"runAfter":{},"type":"OpenApiConnection","inputs":{"host":{"connectionName":"shared_commondataserviceforapps","operationId":"DeleteRecord","apiId":"/providers/Microsoft.PowerApps/apis/shared_commondataserviceforapps"},"parameters":{"entityName":"pl100pa_evenements","recordId":"@items('Supprimer_chacune_des_lignes_de_la_table_evenement')?['pl100pa_evenementid']"},"authentication":{"type":"Raw","value":"@json(decodeBase64(triggerOutputs().headers['X-MS-APIM-Tokens']))['$ConnectionKey']"}}}},"runAfter":{"Lister_les_lignes_de_la_table_Evenement":["Succeeded"]},"type":"Foreach"}}}},"schemaVersion":"1.0.0.0"}