{"properties":{"connectionReferences":{"shared_microsoftforms":{"runtimeSource":"embedded","connection":{"connectionReferenceLogicalName":"pl100pa_sharedmicrosoftforms_85bef"},"api":{"name":"shared_microsoftforms"}},"shared_commondataserviceforapps":{"runtimeSource":"embedded","connection":{"connectionReferenceLogicalName":"pl100pa_sharedcommondataserviceforapps_fa808"},"api":{"name":"shared_commondataserviceforapps"}},"shared_office365":{"runtimeSource":"embedded","connection":{"connectionReferenceLogicalName":"pl100pa_sharedoffice365_34f45"},"api":{"name":"shared_office365"}}},"definition":{"$schema":"https://schema.management.azure.com/providers/Microsoft.Logic/schemas/2016-06-01/workflowdefinition.json#","contentVersion":"1.0.0.0","parameters":{"$connections":{"defaultValue":{},"type":"Object"},"$authentication":{"defaultValue":{},"type":"SecureObject"}},"triggers":{"When_a_new_response_is_submitted":{"splitOn":"@triggerOutputs()?['body/value']","type":"OpenApiConnectionWebhook","inputs":{"host":{"connectionName":"shared_microsoftforms","operationId":"CreateFormWebhook","apiId":"/providers/Microsoft.PowerApps/apis/shared_microsoftforms"},"parameters":{"form_id":"v4j5cvGGr0GRqy180BHbR3zwJTO3s11AuaqpNnBbrwdUMFlHOE84UEY1QkJWRTNIQzZFUzZJSkg2RS4u"},"authentication":"@parameters('$authentication')"}}},"actions":{"Get_response_details":{"runAfter":{},"type":"OpenApiConnection","inputs":{"host":{"connectionName":"shared_microsoftforms","operationId":"GetFormResponseById","apiId":"/providers/Microsoft.PowerApps/apis/shared_microsoftforms"},"parameters":{"form_id":"v4j5cvGGr0GRqy180BHbR3zwJTO3s11AuaqpNnBbrwdUMFlHOE84UEY1QkJWRTNIQzZFUzZJSkg2RS4u","response_id":"@triggerOutputs()?['body/resourceData/responseId']"},"authentication":"@parameters('$authentication')"}},"Add_a_new_row":{"runAfter":{"Get_response_details":["Succeeded"]},"type":"OpenApiConnection","inputs":{"host":{"connectionName":"shared_commondataserviceforapps","operationId":"CreateRecord","apiId":"/providers/Microsoft.PowerApps/apis/shared_commondataserviceforapps"},"parameters":{"entityName":"pl100pa_inscriptionses","item/pl100pa_inscriptiondate":"@utcNow()","item/pl100pa_name":"@outputs('Get_response_details')?['body/rf41a66f3710a444fa7e891c0381caf15']","item/pl100pa_attendeeemail":"@outputs('Get_response_details')?['body/r8a5b437cc9bb4ff599427f2593a62903']","item/pl100pa_attendeefirstname":"@outputs('Get_response_details')?['body/r3296663e9b804b69b536d81ee3f65b59']","item/pl100pa_attendeename":"@outputs('Get_response_details')?['body/r35b2173d1e23419faee05c049f4001cf']","item/pl100pa_company":"@outputs('Get_response_details')?['body/r12c8ec2db8c9428c89a57e86b9175acb']","item/pl100pa_eventid":1},"authentication":"@parameters('$authentication')"}},"Send_an_email_(V2)":{"runAfter":{"Add_a_new_row":["Succeeded"]},"type":"OpenApiConnection","inputs":{"host":{"connectionName":"shared_office365","operationId":"SendEmailV2","apiId":"/providers/Microsoft.PowerApps/apis/shared_office365"},"parameters":{"emailMessage/To":"@outputs('Get_response_details')?['body/r8a5b437cc9bb4ff599427f2593a62903']","emailMessage/Subject":"Inscription à l'évènement : @{outputs('Get_response_details')?['body/rf41a66f3710a444fa7e891c0381caf15']}","emailMessage/Body":"<p>Bonjour<br>\n<br>\nNous avons pris en compte votre inscription à la session : @{outputs('Get_response_details')?['body/rf41a66f3710a444fa7e891c0381caf15']}<br>\n<br>\nGPS Team</p>","emailMessage/From":"frocpev@microsoft.com"},"authentication":"@parameters('$authentication')"}}},"outputs":{}}},"schemaVersion":"1.0.0.0"}