<ImportExportXml version="9.2.21091.138" SolutionPackageVersion="9.2" languagecode="1033" generatedBy="CrmLive" xmlns:xsi="http://www.w3.org/2001/XMLSchema-instance">
  <SolutionManifest>
    <UniqueName>PL100PowerAutomate</UniqueName>
    <LocalizedNames>
      <LocalizedName description="PL100 Power Automate" languagecode="1033" />
    </LocalizedNames>
    <Descriptions />
    <Version>1.0.0.7</Version>
    <Managed>0</Managed>
    <Publisher>
      <UniqueName>PL100PAEDITOR</UniqueName>
      <LocalizedNames>
        <LocalizedName description="PL-100 Power Automate" languagecode="1033" />
      </LocalizedNames>
      <Descriptions />
      <EMailAddress xsi:nil="true"></EMailAddress>
      <SupportingWebsiteUrl xsi:nil="true"></SupportingWebsiteUrl>
      <CustomizationPrefix>pl100pa</CustomizationPrefix>
      <CustomizationOptionValuePrefix>10000</CustomizationOptionValuePrefix>
      <Addresses>
        <Address>
          <AddressNumber>1</AddressNumber>
          <AddressTypeCode>1</AddressTypeCode>
          <City xsi:nil="true"></City>
          <County xsi:nil="true"></County>
          <Country xsi:nil="true"></Country>
          <Fax xsi:nil="true"></Fax>
          <FreightTermsCode xsi:nil="true"></FreightTermsCode>
          <ImportSequenceNumber xsi:nil="true"></ImportSequenceNumber>
          <Latitude xsi:nil="true"></Latitude>
          <Line1 xsi:nil="true"></Line1>
          <Line2 xsi:nil="true"></Line2>
          <Line3 xsi:nil="true"></Line3>
          <Longitude xsi:nil="true"></Longitude>
          <Name xsi:nil="true"></Name>
          <PostalCode xsi:nil="true"></PostalCode>
          <PostOfficeBox xsi:nil="true"></PostOfficeBox>
          <PrimaryContactName xsi:nil="true"></PrimaryContactName>
          <ShippingMethodCode>1</ShippingMethodCode>
          <StateOrProvince xsi:nil="true"></StateOrProvince>
          <Telephone1 xsi:nil="true"></Telephone1>
          <Telephone2 xsi:nil="true"></Telephone2>
          <Telephone3 xsi:nil="true"></Telephone3>
          <TimeZoneRuleVersionNumber xsi:nil="true"></TimeZoneRuleVersionNumber>
          <UPSZone xsi:nil="true"></UPSZone>
          <UTCOffset xsi:nil="true"></UTCOffset>
          <UTCConversionTimeZoneCode xsi:nil="true"></UTCConversionTimeZoneCode>
        </Address>
        <Address>
          <AddressNumber>2</AddressNumber>
          <AddressTypeCode>1</AddressTypeCode>
          <City xsi:nil="true"></City>
          <County xsi:nil="true"></County>
          <Country xsi:nil="true"></Country>
          <Fax xsi:nil="true"></Fax>
          <FreightTermsCode xsi:nil="true"></FreightTermsCode>
          <ImportSequenceNumber xsi:nil="true"></ImportSequenceNumber>
          <Latitude xsi:nil="true"></Latitude>
          <Line1 xsi:nil="true"></Line1>
          <Line2 xsi:nil="true"></Line2>
          <Line3 xsi:nil="true"></Line3>
          <Longitude xsi:nil="true"></Longitude>
          <Name xsi:nil="true"></Name>
          <PostalCode xsi:nil="true"></PostalCode>
          <PostOfficeBox xsi:nil="true"></PostOfficeBox>
          <PrimaryContactName xsi:nil="true"></PrimaryContactName>
          <ShippingMethodCode>1</ShippingMethodCode>
          <StateOrProvince xsi:nil="true"></StateOrProvince>
          <Telephone1 xsi:nil="true"></Telephone1>
          <Telephone2 xsi:nil="true"></Telephone2>
          <Telephone3 xsi:nil="true"></Telephone3>
          <TimeZoneRuleVersionNumber xsi:nil="true"></TimeZoneRuleVersionNumber>
          <UPSZone xsi:nil="true"></UPSZone>
          <UTCOffset xsi:nil="true"></UTCOffset>
          <UTCConversionTimeZoneCode xsi:nil="true"></UTCConversionTimeZoneCode>
        </Address>
      </Addresses>
    </Publisher>
    <RootComponents>
      <RootComponent type="1" schemaName="pl100pa_evenement" behavior="0" />
      <RootComponent type="1" schemaName="pl100pa_inscriptions" behavior="0" />
      <RootComponent type="29" id="{1dcdb7df-3f16-ec11-b6e6-6045bd887ae1}" behavior="0" />
      <RootComponent type="29" id="{8118eecf-fd24-ec11-b6e5-000d3adf0ad7}" behavior="0" />
      <RootComponent type="29" id="{8757f9a2-aa14-ec11-b6e6-000d3addba08}" behavior="0" />
      <RootComponent type="29" id="{9548343f-4a20-ec11-b6e6-000d3ade676f}" behavior="0" />
      <RootComponent type="29" id="{b7483a3a-7514-ec11-b6e6-000d3addb1fb}" behavior="0" />
      <RootComponent type="29" id="{d3490d78-4620-ec11-b6e6-000d3ade676f}" behavior="0" />
    </RootComponents>
    <MissingDependencies>
      <MissingDependency>
        <Required type="connectionreference" displayName="pl100pa_sharedapprovals_068ef" solution="Active" id.connectionreferencelogicalname="pl100pa_sharedapprovals_068ef" />
        <Dependent type="29" displayName="ComplexFlow2" id="{1dcdb7df-3f16-ec11-b6e6-6045bd887ae1}" />
      </MissingDependency>
      <MissingDependency>
        <Required type="connectionreference" displayName="pl100pa_sharedcommondataserviceforapps_fa808" solution="Active" id.connectionreferencelogicalname="pl100pa_sharedcommondataserviceforapps_fa808" />
        <Dependent type="29" displayName="ComplexFlow2" id="{1dcdb7df-3f16-ec11-b6e6-6045bd887ae1}" />
      </MissingDependency>
      <MissingDependency>
        <Required type="connectionreference" displayName="pl100pa_sharedcommondataserviceforapps_fa808" solution="Active" id.connectionreferencelogicalname="pl100pa_sharedcommondataserviceforapps_fa808" />
        <Dependent type="29" displayName="When a new response is submitted -&gt; Get response details,Add a new ..." id="{8118eecf-fd24-ec11-b6e5-000d3adf0ad7}" />
      </MissingDependency>
      <MissingDependency>
        <Required type="connectionreference" displayName="pl100pa_sharedcommondataserviceforapps_fa808" solution="Active" id.connectionreferencelogicalname="pl100pa_sharedcommondataserviceforapps_fa808" />
        <Dependent type="29" displayName="Complexflow01" id="{8757f9a2-aa14-ec11-b6e6-000d3addba08}" />
      </MissingDependency>
      <MissingDependency>
        <Required type="connectionreference" displayName="pl100pa_sharedcommondataserviceforapps_fa808" solution="Active" id.connectionreferencelogicalname="pl100pa_sharedcommondataserviceforapps_fa808" />
        <Dependent type="29" displayName="Initialisation démonstration" id="{9548343f-4a20-ec11-b6e6-000d3ade676f}" />
      </MissingDependency>
      <MissingDependency>
        <Required type="connectionreference" displayName="pl100pa_sharedcommondataserviceforapps_fa808" solution="Active" id.connectionreferencelogicalname="pl100pa_sharedcommondataserviceforapps_fa808" />
        <Dependent type="29" displayName="Standardflow01 Backup" id="{b7483a3a-7514-ec11-b6e6-000d3addb1fb}" />
      </MissingDependency>
      <MissingDependency>
        <Required type="connectionreference" displayName="pl100pa_sharedcommondataserviceforapps_fa808" solution="Active" id.connectionreferencelogicalname="pl100pa_sharedcommondataserviceforapps_fa808" />
        <Dependent type="29" displayName="Nettoyage journalier Table inscription" id="{d3490d78-4620-ec11-b6e6-000d3ade676f}" />
      </MissingDependency>
      <MissingDependency>
        <Required type="connectionreference" displayName="pl100pa_sharedmicrosoftforms_85bef" solution="Active" id.connectionreferencelogicalname="pl100pa_sharedmicrosoftforms_85bef" />
        <Dependent type="29" displayName="When a new response is submitted -&gt; Get response details,Add a new ..." id="{8118eecf-fd24-ec11-b6e5-000d3adf0ad7}" />
      </MissingDependency>
      <MissingDependency>
        <Required type="connectionreference" displayName="pl100pa_sharedmicrosoftforms_85bef" solution="Active" id.connectionreferencelogicalname="pl100pa_sharedmicrosoftforms_85bef" />
        <Dependent type="29" displayName="Complexflow01" id="{8757f9a2-aa14-ec11-b6e6-000d3addba08}" />
      </MissingDependency>
      <MissingDependency>
        <Required type="connectionreference" displayName="pl100pa_sharedmicrosoftforms_85bef" solution="Active" id.connectionreferencelogicalname="pl100pa_sharedmicrosoftforms_85bef" />
        <Dependent type="29" displayName="Standardflow01 Backup" id="{b7483a3a-7514-ec11-b6e6-000d3addb1fb}" />
      </MissingDependency>
      <MissingDependency>
        <Required type="connectionreference" displayName="pl100pa_sharedoffice365_34f45" solution="Active" id.connectionreferencelogicalname="pl100pa_sharedoffice365_34f45" />
        <Dependent type="29" displayName="ComplexFlow2" id="{1dcdb7df-3f16-ec11-b6e6-6045bd887ae1}" />
      </MissingDependency>
      <MissingDependency>
        <Required type="connectionreference" displayName="pl100pa_sharedoffice365_34f45" solution="Active" id.connectionreferencelogicalname="pl100pa_sharedoffice365_34f45" />
        <Dependent type="29" displayName="When a new response is submitted -&gt; Get response details,Add a new ..." id="{8118eecf-fd24-ec11-b6e5-000d3adf0ad7}" />
      </MissingDependency>
      <MissingDependency>
        <Required type="connectionreference" displayName="pl100pa_sharedoffice365_34f45" solution="Active" id.connectionreferencelogicalname="pl100pa_sharedoffice365_34f45" />
        <Dependent type="29" displayName="Complexflow01" id="{8757f9a2-aa14-ec11-b6e6-000d3addba08}" />
      </MissingDependency>
      <MissingDependency>
        <Required type="connectionreference" displayName="pl100pa_sharedoffice365_34f45" solution="Active" id.connectionreferencelogicalname="pl100pa_sharedoffice365_34f45" />
        <Dependent type="29" displayName="Standardflow01 Backup" id="{b7483a3a-7514-ec11-b6e6-000d3addb1fb}" />
      </MissingDependency>
      <MissingDependency>
        <Required type="connectionreference" displayName="pl100pa_sharedoffice365_53b95" solution="Active" id.connectionreferencelogicalname="pl100pa_sharedoffice365_53b95" />
        <Dependent type="29" displayName="ComplexFlow2" id="{1dcdb7df-3f16-ec11-b6e6-6045bd887ae1}" />
      </MissingDependency>
    </MissingDependencies>
  </SolutionManifest>
</ImportExportXml>